0,56.jpg
2,41.jpg
2,46.jpg
2,60.jpg
2,75.jpg
2,82.jpg
3,98.jpg
4,21.jpg
5,80.jpg
5,81.jpg
9,49.jpg
11,83.jpg
15,68.jpg
16,87.jpg
22,20.jpg
22,48.jpg
23,79.jpg
24,28.jpg
26,58.jpg
28,96.jpg
29,47.jpg
30,4.jpg
30,61.jpg
31,36.jpg
31,90.jpg
32,66.jpg
32,71.jpg
35,8.jpg
39,2.jpg
40,5.jpg
41,25.jpg
41,32.jpg
43,95.jpg
45,16.jpg
46,15.jpg
46,99.jpg
47,42.jpg
48,14.jpg
50,35.jpg
51,22.jpg
51,39.jpg
52,19.jpg
54,73.jpg
54,74.jpg
54,91.jpg
58,84.jpg
60,77.jpg
60,86.jpg
66,10.jpg
67,44.jpg
67,63.jpg
69,64.jpg
69,72.jpg
72,24.jpg
73,6.jpg
74,94.jpg
76,62.jpg
78,92.jpg
79,30.jpg
79,76.jpg
79,78.jpg
80,85.jpg
82,9.jpg
85,38.jpg
85,43.jpg
87,0.jpg
88,51.jpg
88,53.jpg
89,45.jpg
90,1.jpg
90,65.jpg
91,7.jpg
92,12.jpg
92,13.jpg
97,3.jpg
97,40.jpg
97,55.jpg
97,70.jpg
