2,41.jpg
2,46.jpg
2,60.jpg
2,82.jpg
3,98.jpg
4,21.jpg
5,80.jpg
15,68.jpg
22,20.jpg
22,48.jpg
23,79.jpg
24,28.jpg
26,58.jpg
28,96.jpg
29,47.jpg
31,90.jpg
32,66.jpg
32,71.jpg
35,8.jpg
39,2.jpg
40,5.jpg
41,25.jpg
43,95.jpg
46,15.jpg
50,35.jpg
54,73.jpg
54,74.jpg
54,91.jpg
58,84.jpg
60,77.jpg
62,27.jpg
67,63.jpg
69,64.jpg
73,6.jpg
74,94.jpg
76,62.jpg
78,92.jpg
79,30.jpg
79,76.jpg
79,78.jpg
80,85.jpg
82,9.jpg
85,38.jpg
85,43.jpg
87,0.jpg
88,51.jpg
88,53.jpg
90,1.jpg
90,65.jpg
91,7.jpg
92,13.jpg
97,3.jpg
97,40.jpg
97,55.jpg
